{"Version":1,"ManifestType":"Publish","Endpoints":[{"Route":"avatars/.5ipweew5fc.gitkeep","AssetFile":"avatars/.gitkeep","Selectors":[],"ResponseHeaders":[{"Name":"Cache-Control","Value":"max-age=31536000, immutable"},{"Name":"Content-Length","Value":"0"},{"Name":"Content-Type","Value":"application/octet-stream"},{"Name":"ETag","Value":"\"47DEQpj8HBSa+/TImW+5JCeuQeRkm5NMpJWZG3hSuFU=\""},{"Name":"Last-Modified","Value":"Wed, 26 Nov 2025 18:43:54 GMT"}],"EndpointProperties":[{"Name":"fingerprint","Value":"5ipweew5fc"},{"Name":"integrity","Value":"sha256-47DEQpj8HBSa+/TImW+5JCeuQeRkm5NMpJWZG3hSuFU="},{"Name":"label","Value":"avatars/.gitkeep"}]},{"Route":"avatars/.gitkeep","AssetFile":"avatars/.gitkeep","Selectors":[],"ResponseHeaders":[{"Name":"Cache-Control","Value":"no-cache"},{"Name":"Content-Length","Value":"0"},{"Name":"Content-Type","Value":"application/octet-stream"},{"Name":"ETag","Value":"\"47DEQpj8HBSa+/TImW+5JCeuQeRkm5NMpJWZG3hSuFU=\""},{"Name":"Last-Modified","Value":"Wed, 26 Nov 2025 18:43:54 GMT"}],"EndpointProperties":[{"Name":"integrity","Value":"sha256-47DEQpj8HBSa+/TImW+5JCeuQeRkm5NMpJWZG3hSuFU="}]},{"Route":"avatars/9767e8e5-1e34-4164-8133-08de2d11788f.jpg","AssetFile":"avatars/9767e8e5-1e34-4164-8133-08de2d11788f.jpg","Selectors":[],"ResponseHeaders":[{"Name":"Cache-Control","Value":"max-age=3600, must-revalidate"},{"Name":"Content-Length","Value":"50087"},{"Name":"Content-Type","Value":"image/jpeg"},{"Name":"ETag","Value":"\"N0qFPTZzhH4vZu/vg5x2lnSH4v8oBF9qu7cBbOqgWVY=\""},{"Name":"Last-Modified","Value":"Wed, 26 Nov 2025 18:37:49 GMT"}],"EndpointProperties":[{"Name":"integrity","Value":"sha256-N0qFPTZzhH4vZu/vg5x2lnSH4v8oBF9qu7cBbOqgWVY="}]},{"Route":"avatars/9767e8e5-1e34-4164-8133-08de2d11788f.zhvfhb0hfs.jpg","AssetFile":"avatars/9767e8e5-1e34-4164-8133-08de2d11788f.jpg","Selectors":[],"ResponseHeaders":[{"Name":"Cache-Control","Value":"max-age=31536000, immutable"},{"Name":"Content-Length","Value":"50087"},{"Name":"Content-Type","Value":"image/jpeg"},{"Name":"ETag","Value":"\"N0qFPTZzhH4vZu/vg5x2lnSH4v8oBF9qu7cBbOqgWVY=\""},{"Name":"Last-Modified","Value":"Wed, 26 Nov 2025 18:37:49 GMT"}],"EndpointProperties":[{"Name":"fingerprint","Value":"zhvfhb0hfs"},{"Name":"integrity","Value":"sha256-N0qFPTZzhH4vZu/vg5x2lnSH4v8oBF9qu7cBbOqgWVY="},{"Name":"label","Value":"avatars/9767e8e5-1e34-4164-8133-08de2d11788f.jpg"}]},{"Route":"pulse-images/.5ipweew5fc.gitkeep","AssetFile":"pulse-images/.gitkeep","Selectors":[],"ResponseHeaders":[{"Name":"Cache-Control","Value":"max-age=31536000, immutable"},{"Name":"Content-Length","Value":"0"},{"Name":"Content-Type","Value":"application/octet-stream"},{"Name":"ETag","Value":"\"47DEQpj8HBSa+/TImW+5JCeuQeRkm5NMpJWZG3hSuFU=\""},{"Name":"Last-Modified","Value":"Fri, 28 Nov 2025 09:36:01 GMT"}],"EndpointProperties":[{"Name":"fingerprint","Value":"5ipweew5fc"},{"Name":"integrity","Value":"sha256-47DEQpj8HBSa+/TImW+5JCeuQeRkm5NMpJWZG3hSuFU="},{"Name":"label","Value":"pulse-images/.gitkeep"}]},{"Route":"pulse-images/.gitkeep","AssetFile":"pulse-images/.gitkeep","Selectors":[],"ResponseHeaders":[{"Name":"Cache-Control","Value":"no-cache"},{"Name":"Content-Length","Value":"0"},{"Name":"Content-Type","Value":"application/octet-stream"},{"Name":"ETag","Value":"\"47DEQpj8HBSa+/TImW+5JCeuQeRkm5NMpJWZG3hSuFU=\""},{"Name":"Last-Modified","Value":"Fri, 28 Nov 2025 09:36:01 GMT"}],"EndpointProperties":[{"Name":"integrity","Value":"sha256-47DEQpj8HBSa+/TImW+5JCeuQeRkm5NMpJWZG3hSuFU="}]},{"Route":"pulse-images/2a4fddce-7621-47a5-bf59-08de2e6488a0.36etwu23kw.jpg","AssetFile":"pulse-images/2a4fddce-7621-47a5-bf59-08de2e6488a0.jpg","Selectors":[],"ResponseHeaders":[{"Name":"Cache-Control","Value":"max-age=31536000, immutable"},{"Name":"Content-Length","Value":"98187"},{"Name":"Content-Type","Value":"image/jpeg"},{"Name":"ETag","Value":"\"+yQl7+m/Be8I0Jr4C5jNsb2ueTbM8yTiYG/RvlKA16g=\""},{"Name":"Last-Modified","Value":"Fri, 28 Nov 2025 09:57:25 GMT"}],"EndpointProperties":[{"Name":"fingerprint","Value":"36etwu23kw"},{"Name":"integrity","Value":"sha256-+yQl7+m/Be8I0Jr4C5jNsb2ueTbM8yTiYG/RvlKA16g="},{"Name":"label","Value":"pulse-images/2a4fddce-7621-47a5-bf59-08de2e6488a0.jpg"}]},{"Route":"pulse-images/2a4fddce-7621-47a5-bf59-08de2e6488a0.jpg","AssetFile":"pulse-images/2a4fddce-7621-47a5-bf59-08de2e6488a0.jpg","Selectors":[],"ResponseHeaders":[{"Name":"Cache-Control","Value":"max-age=3600, must-revalidate"},{"Name":"Content-Length","Value":"98187"},{"Name":"Content-Type","Value":"image/jpeg"},{"Name":"ETag","Value":"\"+yQl7+m/Be8I0Jr4C5jNsb2ueTbM8yTiYG/RvlKA16g=\""},{"Name":"Last-Modified","Value":"Fri, 28 Nov 2025 09:57:25 GMT"}],"EndpointProperties":[{"Name":"integrity","Value":"sha256-+yQl7+m/Be8I0Jr4C5jNsb2ueTbM8yTiYG/RvlKA16g="}]},{"Route":"pulse-images/2a6b9f17-2d90-4d99-5442-08de2e5ff070.5blg3flktx.jpg","AssetFile":"pulse-images/2a6b9f17-2d90-4d99-5442-08de2e5ff070.jpg","Selectors":[],"ResponseHeaders":[{"Name":"Cache-Control","Value":"max-age=31536000, immutable"},{"Name":"Content-Length","Value":"302135"},{"Name":"Content-Type","Value":"image/jpeg"},{"Name":"ETag","Value":"\"4Z7yc7hysKwysUH/NrCvjEUlhYFYjhsPQPJLRqnMW6w=\""},{"Name":"Last-Modified","Value":"Fri, 28 Nov 2025 09:26:53 GMT"}],"EndpointProperties":[{"Name":"fingerprint","Value":"5blg3flktx"},{"Name":"integrity","Value":"sha256-4Z7yc7hysKwysUH/NrCvjEUlhYFYjhsPQPJLRqnMW6w="},{"Name":"label","Value":"pulse-images/2a6b9f17-2d90-4d99-5442-08de2e5ff070.jpg"}]},{"Route":"pulse-images/2a6b9f17-2d90-4d99-5442-08de2e5ff070.jpg","AssetFile":"pulse-images/2a6b9f17-2d90-4d99-5442-08de2e5ff070.jpg","Selectors":[],"ResponseHeaders":[{"Name":"Cache-Control","Value":"max-age=3600, must-revalidate"},{"Name":"Content-Length","Value":"302135"},{"Name":"Content-Type","Value":"image/jpeg"},{"Name":"ETag","Value":"\"4Z7yc7hysKwysUH/NrCvjEUlhYFYjhsPQPJLRqnMW6w=\""},{"Name":"Last-Modified","Value":"Fri, 28 Nov 2025 09:26:53 GMT"}],"EndpointProperties":[{"Name":"integrity","Value":"sha256-4Z7yc7hysKwysUH/NrCvjEUlhYFYjhsPQPJLRqnMW6w="}]},{"Route":"pulse-images/82fc3b7a-0706-4947-4434-08de2e5f15a4.c5qmd27wof.jpg","AssetFile":"pulse-images/82fc3b7a-0706-4947-4434-08de2e5f15a4.jpg","Selectors":[],"ResponseHeaders":[{"Name":"Cache-Control","Value":"max-age=31536000, immutable"},{"Name":"Content-Length","Value":"52014"},{"Name":"Content-Type","Value":"image/jpeg"},{"Name":"ETag","Value":"\"4BIYNLuDZqs8+8AEtRVE/+kPBqiLQ76MRMziRfwUUnY=\""},{"Name":"Last-Modified","Value":"Fri, 28 Nov 2025 09:18:25 GMT"}],"EndpointProperties":[{"Name":"fingerprint","Value":"c5qmd27wof"},{"Name":"integrity","Value":"sha256-4BIYNLuDZqs8+8AEtRVE/+kPBqiLQ76MRMziRfwUUnY="},{"Name":"label","Value":"pulse-images/82fc3b7a-0706-4947-4434-08de2e5f15a4.jpg"}]},{"Route":"pulse-images/82fc3b7a-0706-4947-4434-08de2e5f15a4.jpg","AssetFile":"pulse-images/82fc3b7a-0706-4947-4434-08de2e5f15a4.jpg","Selectors":[],"ResponseHeaders":[{"Name":"Cache-Control","Value":"max-age=3600, must-revalidate"},{"Name":"Content-Length","Value":"52014"},{"Name":"Content-Type","Value":"image/jpeg"},{"Name":"ETag","Value":"\"4BIYNLuDZqs8+8AEtRVE/+kPBqiLQ76MRMziRfwUUnY=\""},{"Name":"Last-Modified","Value":"Fri, 28 Nov 2025 09:18:25 GMT"}],"EndpointProperties":[{"Name":"integrity","Value":"sha256-4BIYNLuDZqs8+8AEtRVE/+kPBqiLQ76MRMziRfwUUnY="}]},{"Route":"pulse-images/abdf1095-23cf-4d5a-4435-08de2e5f15a4.c5qmd27wof.jpg","AssetFile":"pulse-images/abdf1095-23cf-4d5a-4435-08de2e5f15a4.jpg","Selectors":[],"ResponseHeaders":[{"Name":"Cache-Control","Value":"max-age=31536000, immutable"},{"Name":"Content-Length","Value":"52014"},{"Name":"Content-Type","Value":"image/jpeg"},{"Name":"ETag","Value":"\"4BIYNLuDZqs8+8AEtRVE/+kPBqiLQ76MRMziRfwUUnY=\""},{"Name":"Last-Modified","Value":"Fri, 28 Nov 2025 09:18:58 GMT"}],"EndpointProperties":[{"Name":"fingerprint","Value":"c5qmd27wof"},{"Name":"integrity","Value":"sha256-4BIYNLuDZqs8+8AEtRVE/+kPBqiLQ76MRMziRfwUUnY="},{"Name":"label","Value":"pulse-images/abdf1095-23cf-4d5a-4435-08de2e5f15a4.jpg"}]},{"Route":"pulse-images/abdf1095-23cf-4d5a-4435-08de2e5f15a4.jpg","AssetFile":"pulse-images/abdf1095-23cf-4d5a-4435-08de2e5f15a4.jpg","Selectors":[],"ResponseHeaders":[{"Name":"Cache-Control","Value":"max-age=3600, must-revalidate"},{"Name":"Content-Length","Value":"52014"},{"Name":"Content-Type","Value":"image/jpeg"},{"Name":"ETag","Value":"\"4BIYNLuDZqs8+8AEtRVE/+kPBqiLQ76MRMziRfwUUnY=\""},{"Name":"Last-Modified","Value":"Fri, 28 Nov 2025 09:18:58 GMT"}],"EndpointProperties":[{"Name":"integrity","Value":"sha256-4BIYNLuDZqs8+8AEtRVE/+kPBqiLQ76MRMziRfwUUnY="}]},{"Route":"pulse-images/b87988b9-f8fa-4073-5441-08de2e5ff070.c5qmd27wof.jpg","AssetFile":"pulse-images/b87988b9-f8fa-4073-5441-08de2e5ff070.jpg","Selectors":[],"ResponseHeaders":[{"Name":"Cache-Control","Value":"max-age=31536000, immutable"},{"Name":"Content-Length","Value":"52014"},{"Name":"Content-Type","Value":"image/jpeg"},{"Name":"ETag","Value":"\"4BIYNLuDZqs8+8AEtRVE/+kPBqiLQ76MRMziRfwUUnY=\""},{"Name":"Last-Modified","Value":"Fri, 28 Nov 2025 09:24:32 GMT"}],"EndpointProperties":[{"Name":"fingerprint","Value":"c5qmd27wof"},{"Name":"integrity","Value":"sha256-4BIYNLuDZqs8+8AEtRVE/+kPBqiLQ76MRMziRfwUUnY="},{"Name":"label","Value":"pulse-images/b87988b9-f8fa-4073-5441-08de2e5ff070.jpg"}]},{"Route":"pulse-images/b87988b9-f8fa-4073-5441-08de2e5ff070.jpg","AssetFile":"pulse-images/b87988b9-f8fa-4073-5441-08de2e5ff070.jpg","Selectors":[],"ResponseHeaders":[{"Name":"Cache-Control","Value":"max-age=3600, must-revalidate"},{"Name":"Content-Length","Value":"52014"},{"Name":"Content-Type","Value":"image/jpeg"},{"Name":"ETag","Value":"\"4BIYNLuDZqs8+8AEtRVE/+kPBqiLQ76MRMziRfwUUnY=\""},{"Name":"Last-Modified","Value":"Fri, 28 Nov 2025 09:24:32 GMT"}],"EndpointProperties":[{"Name":"integrity","Value":"sha256-4BIYNLuDZqs8+8AEtRVE/+kPBqiLQ76MRMziRfwUUnY="}]},{"Route":"pulse-images/f33af7b7-4a2c-460d-f8c8-08de2e842aca.c5qmd27wof.jpg","AssetFile":"pulse-images/f33af7b7-4a2c-460d-f8c8-08de2e842aca.jpg","Selectors":[],"ResponseHeaders":[{"Name":"Cache-Control","Value":"max-age=31536000, immutable"},{"Name":"Content-Length","Value":"52014"},{"Name":"Content-Type","Value":"image/jpeg"},{"Name":"ETag","Value":"\"4BIYNLuDZqs8+8AEtRVE/+kPBqiLQ76MRMziRfwUUnY=\""},{"Name":"Last-Modified","Value":"Fri, 28 Nov 2025 13:44:04 GMT"}],"EndpointProperties":[{"Name":"fingerprint","Value":"c5qmd27wof"},{"Name":"integrity","Value":"sha256-4BIYNLuDZqs8+8AEtRVE/+kPBqiLQ76MRMziRfwUUnY="},{"Name":"label","Value":"pulse-images/f33af7b7-4a2c-460d-f8c8-08de2e842aca.jpg"}]},{"Route":"pulse-images/f33af7b7-4a2c-460d-f8c8-08de2e842aca.jpg","AssetFile":"pulse-images/f33af7b7-4a2c-460d-f8c8-08de2e842aca.jpg","Selectors":[],"ResponseHeaders":[{"Name":"Cache-Control","Value":"max-age=3600, must-revalidate"},{"Name":"Content-Length","Value":"52014"},{"Name":"Content-Type","Value":"image/jpeg"},{"Name":"ETag","Value":"\"4BIYNLuDZqs8+8AEtRVE/+kPBqiLQ76MRMziRfwUUnY=\""},{"Name":"Last-Modified","Value":"Fri, 28 Nov 2025 13:44:04 GMT"}],"EndpointProperties":[{"Name":"integrity","Value":"sha256-4BIYNLuDZqs8+8AEtRVE/+kPBqiLQ76MRMziRfwUUnY="}]}]}